City_ID,City,Lat,Lng,Max Temp,Humidity,Cloudiness,Wind Speed,Country,Date
0,Katsuura,35.1333,140.3,59.49,75,100,11.74,JP,2022-11-14 20:07:20
1,Scarborough,54.2797,-0.4044,49.66,92,0,5.55,GB,2022-11-14 20:16:19
2,Codrington,-38.2667,141.9667,48.49,65,100,17.49,AU,2022-11-14 20:16:19
3,San Cristobal,7.7669,-72.225,78.98,60,68,4.25,VE,2022-11-14 20:12:35
4,Charlottetown,46.2352,-63.1267,39.56,80,97,20.0,CA,2022-11-14 20:13:27
5,Hermanus,-34.4187,19.2345,60.8,66,100,5.53,ZA,2022-11-14 20:16:20
6,Busselton,-33.65,115.3333,51.28,83,0,11.25,AU,2022-11-14 20:16:20
7,San Jose,37.3394,-121.895,63.79,47,20,4.61,US,2022-11-14 20:16:21
8,Cidreira,-30.1811,-50.2056,78.33,57,18,8.66,BR,2022-11-14 20:07:57
9,San Luis,-33.295,-66.3356,77.92,21,0,3.24,AR,2022-11-14 20:16:21
10,Victoria,22.2855,114.1577,76.17,80,100,8.01,HK,2022-11-14 20:06:21
11,Pouembout,-21.1333,164.9,75.61,77,33,0.51,NC,2022-11-14 20:07:19
12,Ushuaia,-54.8,-68.3,58.62,67,75,3.44,AR,2022-11-14 20:16:22
13,Jamestown,42.097,-79.2353,36.99,67,100,1.99,US,2022-11-14 20:15:39
14,Mataura,-46.1927,168.8643,58.48,64,6,3.33,NZ,2022-11-14 20:16:22
15,Hun,29.1268,15.9477,66.02,35,0,4.34,LY,2022-11-14 20:16:23
16,Siyabuswa,-25.1132,29.0445,68.5,63,70,9.86,ZA,2022-11-14 20:16:23
17,North Bend,43.4065,-124.2243,56.16,59,0,4.61,US,2022-11-14 20:15:12
18,Albany,42.6001,-73.9662,40.59,45,5,1.01,US,2022-11-14 20:12:05
19,Punta Arenas,-53.15,-70.9167,60.82,47,75,8.05,CL,2022-11-14 20:16:24
20,Longyearbyen,78.2186,15.6401,31.84,74,75,33.38,SJ,2022-11-14 20:16:24
21,Bengkulu,-3.8004,102.2655,74.73,91,100,7.38,ID,2022-11-14 20:14:26
22,Dutlwe,-23.9833,23.9,77.05,46,92,18.92,BW,2022-11-14 20:16:25
23,Upernavik,72.7868,-56.1549,21.96,91,100,20.22,GL,2022-11-14 20:16:25
24,Port Alfred,-33.5906,26.891,66.18,81,61,7.0,ZA,2022-11-14 20:16:25
25,Kaitangata,-46.2817,169.8464,59.77,70,100,3.0,NZ,2022-11-14 20:16:26
26,Hilo,19.7297,-155.09,78.24,81,75,5.75,US,2022-11-14 20:13:42
27,Rikitea,-23.1203,-134.9692,74.62,81,100,15.32,PF,2022-11-14 20:16:26
28,Bredasdorp,-34.5322,20.0403,62.64,76,100,3.0,ZA,2022-11-14 20:15:32
29,Elbistan,38.2059,37.1983,47.5,48,0,0.74,TR,2022-11-14 20:16:27
30,Adrar,20.5022,-10.0711,80.89,17,89,9.98,MR,2022-11-14 20:16:27
31,Chuy,-33.6971,-53.4616,64.35,83,92,15.01,UY,2022-11-14 20:16:27
32,Ritchie,-29.038,24.6028,69.01,26,97,10.83,ZA,2022-11-14 20:16:28
33,Qaanaaq,77.484,-69.3632,-5.4,67,11,6.31,GL,2022-11-14 20:16:28
34,North Platte,41.1239,-100.7654,37.29,50,40,15.01,US,2022-11-14 20:16:29
35,Faanui,-16.4833,-151.75,78.1,80,100,8.03,PF,2022-11-14 20:08:05
36,Jalu,29.0331,21.5482,62.49,37,0,6.15,LY,2022-11-14 20:16:29
37,Bukachacha,52.9833,116.9167,3.65,99,93,0.83,RU,2022-11-14 20:16:29
38,Bambous Virieux,-20.3428,57.7575,70.21,67,91,17.45,MU,2022-11-14 20:07:20
39,Lebu,-37.6167,-73.65,60.98,78,92,7.31,CL,2022-11-14 20:11:38
40,Diebougou,10.9667,-3.25,83.35,26,0,6.15,BF,2022-11-14 20:16:30
41,Arraial Do Cabo,-22.9661,-42.0278,84.16,78,0,18.41,BR,2022-11-14 20:16:30
42,Kulhudhuffushi,6.6221,73.07,81.55,74,100,8.28,MV,2022-11-14 20:16:31
43,Hantsport,45.0668,-64.1654,40.69,82,100,5.99,CA,2022-11-14 20:16:31
44,Carnarvon,-24.8667,113.6333,70.66,61,1,17.72,AU,2022-11-14 20:17:31
45,Dwarka,22.2394,68.9678,78.58,63,0,7.74,IN,2022-11-14 20:17:32
46,Havoysund,70.9963,24.6622,39.43,66,100,17.63,NO,2022-11-14 20:17:32
47,Saldanha,-33.0117,17.9442,62.65,84,100,10.71,ZA,2022-11-14 20:17:32
48,Araouane,18.9048,-3.5265,82.58,17,100,8.05,ML,2022-11-14 20:17:33
49,Kijang,35.2442,129.2139,46.13,67,3,5.39,KR,2022-11-14 20:17:33
50,Hithadhoo,-0.6,73.0833,81.79,78,100,15.95,MV,2022-11-14 20:17:33
51,Yerbogachen,61.2767,108.0108,-19.21,95,8,5.64,RU,2022-11-14 20:17:33
52,Avarua,-21.2078,-159.775,75.25,57,95,13.8,CK,2022-11-14 20:08:32
53,Rocha,-34.4833,-54.3333,62.35,95,97,13.18,UY,2022-11-14 20:14:27
54,Shimoda,34.6667,138.95,51.1,84,100,13.71,JP,2022-11-14 20:17:34
55,Tuktoyaktuk,69.4541,-133.0374,19.4,93,100,16.11,CA,2022-11-14 20:08:25
56,Touros,-5.1989,-35.4608,80.44,74,29,12.12,BR,2022-11-14 20:17:34
57,Kapaa,22.0752,-159.319,80.92,76,40,13.8,US,2022-11-14 20:17:34
58,Tommot,58.9564,126.2925,-30.8,100,52,1.03,RU,2022-11-14 20:17:35
59,Kang,-23.6752,22.7876,77.74,34,18,7.0,BW,2022-11-14 20:17:35
60,Atuona,-9.8,-139.0333,77.41,79,12,18.3,PF,2022-11-14 20:17:35
61,Ulladulla,-35.35,150.4667,57.18,81,71,1.97,AU,2022-11-14 20:17:36
62,San Patricio,28.017,-97.5169,78.66,81,97,11.56,US,2022-11-14 20:10:55
63,Ravar,31.2656,56.8055,55.47,48,99,3.58,IR,2022-11-14 20:17:36
64,Beian,63.6559,9.5683,49.01,87,0,8.05,NO,2022-11-14 20:17:36
65,Thompson,55.7435,-97.8558,21.36,68,20,4.61,CA,2022-11-14 20:17:37
66,Kruisfontein,-34.0033,24.7314,67.89,77,84,11.27,ZA,2022-11-14 20:11:58
67,Torbay,47.6666,-52.7314,44.28,98,100,10.36,CA,2022-11-14 20:17:37
68,Darhan,49.4867,105.9228,24.31,61,36,6.31,MN,2022-11-14 20:17:37
69,Comodoro Rivadavia,-45.8667,-67.5,78.66,24,40,24.16,AR,2022-11-14 20:17:38
70,Chornobay,49.6708,32.3239,37.8,80,91,4.7,UA,2022-11-14 20:17:38
71,Reconquista,-29.15,-59.65,84.36,18,0,16.58,AR,2022-11-14 20:17:38
72,Tasiilaq,65.6145,-37.6368,31.19,98,100,2.44,GL,2022-11-14 20:12:49
73,Fairbanks,64.8378,-147.7164,28.22,91,100,0.0,US,2022-11-14 20:15:00
74,Kavieng,-2.5744,150.7967,81.77,73,97,10.36,PG,2022-11-14 20:10:57
75,Esperance,-33.8667,121.9,53.64,86,45,8.88,AU,2022-11-14 20:17:39
76,Tomigusuku,26.185,127.675,71.37,76,75,9.22,JP,2022-11-14 20:17:39
77,Berlevag,70.8578,29.0864,37.4,87,75,14.97,NO,2022-11-14 20:10:47
78,Piterka,50.6803,47.4454,27.55,62,7,16.35,RU,2022-11-14 20:17:39
79,Phan Thiet,10.9333,108.1,75.2,85,78,3.87,VN,2022-11-14 20:17:39
80,Ostrovnoy,68.0531,39.5131,30.13,94,96,7.25,RU,2022-11-14 20:17:40
81,Gifhorn,52.4833,10.55,47.41,87,2,2.3,DE,2022-11-14 20:17:40
82,Pasni,25.2631,63.471,78.51,76,0,9.19,PK,2022-11-14 20:17:40
83,Butaritari,3.0707,172.7902,79.9,81,81,10.31,KI,2022-11-14 20:15:18
84,Dzhebariki-Khaya,62.2167,135.8,-8.05,99,100,3.4,RU,2022-11-14 20:17:41
85,Barrow,71.2906,-156.7887,8.62,85,75,13.8,US,2022-11-14 20:15:20
86,Vaini,-21.2,-175.2,78.96,83,75,6.91,TO,2022-11-14 20:17:41
87,Ilulissat,69.2167,-51.1,12.16,96,100,4.38,GL,2022-11-14 20:17:41
88,Annau,37.8876,58.516,53.1,76,40,9.22,TM,2022-11-14 20:17:41
89,Constitucion,-35.3333,-72.4167,66.27,64,8,17.81,CL,2022-11-14 20:17:42
90,Saint-Philippe,-21.3585,55.7679,71.19,78,79,16.55,RE,2022-11-14 20:16:48
91,Bowen,-20.0167,148.2333,77.05,76,64,3.13,AU,2022-11-14 20:18:42
92,Palu,-0.8917,119.8707,76.05,98,100,2.08,ID,2022-11-14 20:18:43
93,Lucapa,-8.4192,20.7447,64.65,97,83,1.52,AO,2022-11-14 20:18:43
94,Lorengau,-2.0226,147.2712,81.84,78,100,6.13,PG,2022-11-14 20:18:43
95,Krasnoborsk,61.5598,45.934,23.54,76,10,9.17,RU,2022-11-14 20:18:43
96,Isangel,-19.55,169.2667,78.1,74,0,7.65,VU,2022-11-14 20:18:44
97,Saiki,32.95,131.9,56.14,72,99,7.18,JP,2022-11-14 20:18:44
98,Mahebourg,-20.4081,57.7,73.69,56,75,11.5,MU,2022-11-14 20:18:44
99,New Norfolk,-42.7826,147.0587,42.3,88,100,1.01,AU,2022-11-14 20:16:44
100,Banbury,52.0602,-1.3403,53.13,93,100,8.81,GB,2022-11-14 20:18:45
101,Port Elizabeth,-33.918,25.5701,70.11,82,0,13.8,ZA,2022-11-14 20:18:45
102,Mar Del Plata,-38.0023,-57.5575,60.87,97,100,16.11,AR,2022-11-14 20:16:32
103,Malinovskiy,61.1953,62.8397,9.34,89,100,12.5,RU,2022-11-14 20:18:45
104,Brandon,27.9378,-82.2859,82.11,76,40,0.0,US,2022-11-14 20:18:46
105,Roma,43.2128,-75.4557,38.95,54,40,11.5,US,2022-11-14 20:16:02
106,Norman Wells,65.282,-126.8329,14.04,85,75,9.22,CA,2022-11-14 20:18:46
107,Alice Springs,-23.7,133.8833,56.75,67,9,0.0,AU,2022-11-14 20:18:46
108,Yamethin,20.4333,96.15,67.89,87,46,3.98,MM,2022-11-14 20:18:47
109,Dikson,73.5069,80.5464,1.63,93,100,18.92,RU,2022-11-14 20:09:37
110,Marfino,55.7028,37.3822,32.34,60,75,8.95,RU,2022-11-14 20:18:47
111,San Ignacio,17.1561,-89.0714,84.34,70,40,4.61,BZ,2022-11-14 20:18:47
112,Bambanglipuro,-7.95,110.2833,74.53,92,100,1.92,ID,2022-11-14 20:18:00
113,Hanna,51.6334,-111.9018,26.85,85,6,8.99,CA,2022-11-14 20:18:48
114,Bluff,-46.6,168.3333,58.8,69,40,10.38,NZ,2022-11-14 20:15:23
115,Chokurdakh,70.6333,147.9167,-16.02,98,100,10.36,RU,2022-11-14 20:18:34
116,Bacungan,9.9106,118.7022,78.8,87,92,0.81,PH,2022-11-14 20:18:48
117,Ribeira Grande,38.5167,-28.7,66.78,88,75,8.05,PT,2022-11-14 20:18:48
118,Mandalgovi,45.7625,106.2708,26.26,42,5,8.3,MN,2022-11-14 20:18:49
119,Sao Joao Da Barra,-21.6403,-41.0511,80.69,89,97,22.95,BR,2022-11-14 20:13:19
120,Puerto Ayora,-0.7393,-90.3518,80.56,81,39,7.0,EC,2022-11-14 20:18:49
121,Severo-Kurilsk,50.6789,156.125,33.76,95,100,20.45,RU,2022-11-14 20:18:49
122,Lokosovo,61.1333,74.8167,14.27,93,100,12.75,RU,2022-11-14 20:18:49
123,Davila,18.4726,120.5763,79.45,84,9,15.01,PH,2022-11-14 20:18:50
124,Cape Town,-33.9258,18.4232,67.26,55,0,3.44,ZA,2022-11-14 20:18:15
125,Bimbo,4.2567,18.4158,75.0,72,25,1.7,CF,2022-11-14 20:18:50
126,Qatana,33.4354,36.0815,50.43,63,40,3.31,SY,2022-11-14 20:18:50
127,Hobart,-42.8794,147.3294,42.66,93,100,14.97,AU,2022-11-14 20:15:49
128,Cockburn Town,21.4612,-71.1419,81.12,73,0,10.47,TC,2022-11-14 20:12:21
129,Safranbolu,41.2508,32.6942,43.57,90,16,1.16,TR,2022-11-14 20:18:51
130,Izumo,35.3667,132.7667,46.35,74,84,3.87,JP,2022-11-14 20:17:27
131,Zhob,31.3411,69.4481,48.85,69,0,3.87,PK,2022-11-14 20:18:51
132,Opuwo,-18.0607,13.84,71.91,32,1,7.87,NA,2022-11-14 20:18:51
133,Tawang,27.5833,91.8667,36.01,78,5,4.83,IN,2022-11-14 20:18:52
134,Suleja,9.1758,7.1808,72.59,30,39,5.1,NG,2022-11-14 20:18:52
135,Zhenlai,45.8495,123.2973,23.09,59,0,3.8,CN,2022-11-14 20:19:52
136,Lumsden,50.6501,-104.8678,19.0,87,100,3.33,CA,2022-11-14 20:15:13
137,Castro,-24.7911,-50.0119,71.37,77,96,7.96,BR,2022-11-14 20:19:53
138,Pak Phanang,8.3511,100.202,78.44,86,100,2.53,TH,2022-11-14 20:19:53
139,College,64.8569,-147.8028,28.2,91,100,0.0,US,2022-11-14 20:19:53
140,Margate,51.3813,1.3862,57.9,95,10,3.0,GB,2022-11-14 20:19:54
141,Ouargaye,11.5033,0.0572,81.57,21,8,9.28,BF,2022-11-14 20:19:54
142,Salalah,17.0151,54.0924,77.09,61,0,3.44,OM,2022-11-14 20:18:35
143,Kahului,20.8947,-156.47,80.96,68,40,16.11,US,2022-11-14 20:13:22
144,Sinjar,36.3209,41.8754,58.55,39,0,3.0,IQ,2022-11-14 20:19:54
145,Sao Filipe,14.8961,-24.4956,75.9,73,71,13.8,CV,2022-11-14 20:19:54
146,Tsiroanomandidy,-18.7667,46.0333,67.28,92,94,2.46,MG,2022-11-14 20:19:55
147,Lengshuijiang,27.6881,111.4294,49.21,88,88,0.47,CN,2022-11-14 20:19:55
148,Pala,9.3642,14.9046,78.98,30,20,4.68,TD,2022-11-14 20:19:55
149,Xiantao,30.3833,113.4,46.99,70,3,3.0,CN,2022-11-14 20:19:56
150,Caibarien,22.5206,-79.4669,85.32,71,10,12.59,CU,2022-11-14 20:17:31
151,Lavrentiya,65.5833,-171.0,18.59,78,100,3.38,RU,2022-11-14 20:19:56
152,Waipawa,-41.4122,175.5153,58.82,70,0,7.83,NZ,2022-11-14 20:19:56
153,Portsmouth,50.799,-1.0913,54.91,86,100,8.01,GB,2022-11-14 20:19:56
154,Barlad,46.2333,27.6667,44.69,85,40,2.06,RO,2022-11-14 20:19:57
155,Saskylakh,71.9167,114.0833,-12.01,90,100,9.1,RU,2022-11-14 20:19:41
156,Ponta Do Sol,32.6667,-17.1,68.72,79,100,0.96,PT,2022-11-14 20:19:57
157,West Wendover,40.7391,-114.0733,36.61,52,0,5.75,US,2022-11-14 20:19:57
158,Richards Bay,-28.783,32.0377,66.24,80,1,2.77,ZA,2022-11-14 20:19:58
159,Myitkyina,25.3833,97.4,58.28,71,2,2.42,MM,2022-11-14 20:19:58
160,Bongouanou,6.6486,-4.1992,72.46,97,100,2.93,CI,2022-11-14 20:19:58
161,Saint George,37.1041,-113.5841,52.43,33,0,5.75,US,2022-11-14 20:13:15
162,Grand Gaube,-20.0064,57.6608,73.8,72,41,5.99,MU,2022-11-14 20:19:59
163,Khorramshahr,30.4397,48.1664,64.36,77,0,2.3,IR,2022-11-14 20:19:59
164,Kralendijk,12.15,-68.2667,85.98,74,40,13.8,BQ,2022-11-14 20:19:59
165,Popondetta,-8.7537,148.2534,73.31,91,100,2.95,PG,2022-11-14 20:19:59
166,Souillac,-20.5167,57.5167,73.78,56,75,11.5,MU,2022-11-14 20:19:50
167,Nikolskoye,59.7035,30.7861,33.8,93,100,5.3,RU,2022-11-14 20:20:00
168,Omsukchan,62.5333,155.8,-10.46,76,9,2.8,RU,2022-11-14 20:20:00
169,Amahai,-3.3333,128.9167,79.68,84,100,2.62,ID,2022-11-14 20:20:00
170,Waingapu,-9.6567,120.2641,80.15,82,97,2.84,ID,2022-11-14 20:20:01
171,Klaksvik,62.2266,-6.589,50.92,92,100,29.06,FO,2022-11-14 20:13:20
172,Cabedelo,-6.9811,-34.8339,81.27,74,35,11.61,BR,2022-11-14 20:20:01
173,Sembakung,3.8167,117.25,72.37,98,100,2.26,ID,2022-11-14 20:12:07
174,Nantucket,41.2835,-70.0995,46.54,54,0,10.36,US,2022-11-14 20:20:01
175,Muros,42.7762,-9.0603,60.84,83,100,22.55,ES,2022-11-14 20:20:02
176,Ucluelet,48.9329,-125.5528,44.1,93,1,1.01,CA,2022-11-14 20:15:11
177,Verkhnyaya Sinyachikha,57.976,61.6673,14.56,91,100,12.66,RU,2022-11-14 20:20:03
178,Gravdal,68.1214,13.5031,37.29,87,20,3.44,NO,2022-11-14 20:20:03
179,Fare,-16.7,-151.0167,78.57,78,95,9.13,PF,2022-11-14 20:21:03
180,Mount Isa,-20.7333,139.5,69.57,35,100,10.36,AU,2022-11-14 20:11:59
181,Filadelfia,39.9523,-75.1638,48.38,41,40,9.22,US,2022-11-14 20:20:40
182,Sola,-13.8833,167.55,80.73,70,0,1.63,VU,2022-11-14 20:21:04
183,Kamenka,51.3223,42.7678,27.86,64,6,10.94,RU,2022-11-14 20:21:04
184,Soc Trang,9.6033,105.98,76.84,92,100,6.55,VN,2022-11-14 20:18:19
185,Provideniya,64.3833,-173.3,25.3,88,100,10.04,RU,2022-11-14 20:19:10
186,Hofn,64.2539,-15.2082,44.92,84,100,11.72,IS,2022-11-14 20:21:05
187,Meulaboh,4.1363,96.1285,75.06,92,100,4.56,ID,2022-11-14 20:21:06
188,Narrabri,-30.3167,149.7833,61.52,83,0,0.78,AU,2022-11-14 20:21:06
189,Inyonga,-6.7167,32.0667,67.91,88,69,0.92,TZ,2022-11-14 20:21:06
190,Georgetown,5.4112,100.3354,78.73,96,20,5.75,MY,2022-11-14 20:16:43
191,Terrace,54.5163,-128.6035,35.51,80,100,6.91,CA,2022-11-14 20:20:17
192,Laguna,38.421,-121.4238,63.64,53,0,5.75,US,2022-11-14 20:11:59
193,East London,-33.0153,27.9116,66.79,76,24,18.61,ZA,2022-11-14 20:17:58
194,Yellowknife,62.456,-114.3525,23.56,100,100,10.36,CA,2022-11-14 20:18:04
195,Yar-Sale,66.8333,70.8333,0.1,89,100,8.1,RU,2022-11-14 20:21:07
196,Pevek,69.7008,170.3133,-5.48,99,99,2.17,RU,2022-11-14 20:21:08
197,Bisira,8.5196,-81.7115,62.58,96,100,0.47,PA,2022-11-14 20:21:08
198,Ozernovskiy,51.5,156.5167,29.62,95,100,10.16,RU,2022-11-14 20:21:08
199,Tete,-16.1564,33.5867,73.49,100,75,3.44,MZ,2022-11-14 20:13:28
200,Lithgow,-33.4833,150.15,48.07,83,74,8.37,AU,2022-11-14 20:21:09
201,Bethel,41.3712,-73.414,45.63,48,0,8.99,US,2022-11-14 20:21:09
202,Ornskoldsvik,63.2909,18.7153,38.35,100,100,8.05,SE,2022-11-14 20:16:59
203,Dunedin,-45.8742,170.5036,56.8,89,97,7.0,NZ,2022-11-14 20:21:10
204,Tarogong,-7.1902,107.8874,69.17,96,100,1.54,ID,2022-11-14 20:21:10
205,Tugulym,57.0591,64.6425,24.87,93,100,12.33,RU,2022-11-14 20:21:10
206,Belmonte,-15.8631,-38.8828,79.02,80,96,9.44,BR,2022-11-14 20:21:11
207,Gamba,-2.65,10.0,74.86,88,100,5.23,GA,2022-11-14 20:21:11
208,Howard Springs,-12.497,131.047,78.71,91,100,3.49,AU,2022-11-14 20:21:11
209,Alakurtti,66.9672,30.3491,27.5,97,99,4.23,RU,2022-11-14 20:21:12
210,Krasnoye,49.9145,24.6134,41.81,90,81,6.85,UA,2022-11-14 20:21:12
211,Bilma,18.6853,12.9164,71.2,19,3,8.81,NE,2022-11-14 20:21:12
212,Halifax,44.6453,-63.5724,41.68,76,75,27.63,CA,2022-11-14 20:18:09
213,Ugoofaaru,5.6667,73.0,80.89,78,100,10.45,MV,2022-11-14 20:21:13
214,Bintulu,3.1667,113.0333,73.81,100,40,3.44,MY,2022-11-14 20:21:13
215,Beira,-19.8436,34.8389,75.29,100,75,4.61,MZ,2022-11-14 20:21:13
216,Victoria Point,-27.5833,153.3,69.76,96,33,1.01,AU,2022-11-14 20:21:14
217,Paita,-5.0892,-81.1144,68.14,74,63,17.4,PE,2022-11-14 20:21:14
218,Abu Dhabi,24.4667,54.3667,82.51,60,0,3.44,AE,2022-11-14 20:20:52
219,Luderitz,-26.6481,15.1594,61.48,88,0,7.34,NA,2022-11-14 20:21:15
220,Salantai,56.0667,21.5667,42.3,92,25,6.15,LT,2022-11-14 20:21:15
221,Sao Gabriel Da Cachoeira,-0.1303,-67.0892,84.0,84,75,5.75,BR,2022-11-14 20:21:15
222,Rusera,25.75,86.0333,64.81,42,0,3.04,IN,2022-11-14 20:21:16
223,Andenes,69.3143,16.1194,40.98,70,75,18.41,NO,2022-11-14 20:21:16
224,Cancun,21.1743,-86.8466,86.05,62,40,8.05,MX,2022-11-14 20:19:13
225,Waycross,31.2136,-82.354,62.85,63,75,6.91,US,2022-11-14 20:18:15
226,Iskateley,67.6803,53.1512,2.93,99,76,3.36,RU,2022-11-14 20:21:16
227,Mandera,3.9366,41.867,81.68,59,6,9.31,KE,2022-11-14 20:22:17
228,Xining,36.6167,101.7667,32.29,63,51,0.98,CN,2022-11-14 20:22:17
229,Toora-Khem,52.4675,96.11,8.73,97,99,1.61,RU,2022-11-14 20:22:17
230,Freeport,40.6576,-73.5832,48.02,48,0,11.5,US,2022-11-14 20:19:38
231,Vardo,70.3705,31.1107,31.98,80,0,6.91,NO,2022-11-14 20:22:18
232,Hay River,60.8156,-115.7999,24.78,80,75,12.66,CA,2022-11-14 20:19:21
233,Abay,49.6311,72.8539,35.98,93,100,22.48,KZ,2022-11-14 20:22:18
234,Tarakan,3.3,117.6333,78.3,94,20,3.44,ID,2022-11-14 20:22:19
235,Kandla,23.0333,70.2167,79.05,40,0,0.6,IN,2022-11-14 20:22:19
236,Leningradskiy,69.3833,178.4167,6.42,91,98,5.88,RU,2022-11-14 20:22:19
237,Ust-Kuyga,70.0167,135.6,-14.44,98,100,6.4,RU,2022-11-14 20:22:20
238,Itarema,-2.9248,-39.9167,81.59,73,97,15.7,BR,2022-11-14 20:22:21
239,Deyang,31.1302,104.382,52.81,77,67,2.95,CN,2022-11-14 20:22:23
240,Kuching,1.55,110.3333,78.13,100,40,1.01,MY,2022-11-14 20:22:24
241,Kodiak,57.79,-152.4072,33.31,75,20,3.44,US,2022-11-14 20:22:26
242,Asau,46.4333,26.4,40.28,92,49,1.79,RO,2022-11-14 20:22:27
243,Shenjiamen,29.9576,122.298,55.44,84,100,10.36,CN,2022-11-14 20:22:29
244,Cherskiy,68.75,161.3,-23.67,100,100,1.86,RU,2022-11-14 20:22:29
245,Iqaluit,63.7506,-68.5145,10.13,84,75,17.27,CA,2022-11-14 20:22:30
246,Exeter,50.7236,-3.5275,54.63,88,59,9.64,GB,2022-11-14 20:22:30
247,Collie,-33.3667,116.15,46.83,90,0,6.2,AU,2022-11-14 20:22:30
248,Real,14.6625,121.6047,78.58,92,87,11.21,PH,2022-11-14 20:22:31
249,Cam Ranh,11.9214,109.1591,78.76,89,40,4.61,VN,2022-11-14 20:22:31
250,Magadan,59.5667,150.8,9.45,85,75,8.84,RU,2022-11-14 20:22:31
251,Gushikawa,26.3544,127.8686,70.83,76,100,6.91,JP,2022-11-14 20:22:31
252,Sydney Mines,46.2367,-60.2177,42.01,81,75,33.38,CA,2022-11-14 20:22:32
253,Krasnyy Oktyabr,56.1167,38.8833,28.58,80,8,7.72,RU,2022-11-14 20:22:32
254,Chernyshevskiy,63.0128,112.4714,-30.1,100,15,2.3,RU,2022-11-14 20:22:32
255,Alofi,-19.0595,-169.9187,76.89,94,100,10.36,NU,2022-11-14 20:22:32
256,Mali,12.079,-12.2982,66.56,42,60,1.39,GN,2022-11-14 20:22:33
257,Clyde River,70.4692,-68.5914,-5.57,84,0,13.8,CA,2022-11-14 20:20:25
258,Airai,-8.9266,125.4092,61.07,84,69,1.97,TL,2022-11-14 20:13:21
259,Wainwright,52.839,-110.8572,24.19,95,52,7.65,CA,2022-11-14 20:22:33
260,Uppsala,60.0,17.75,42.31,100,100,8.05,SE,2022-11-14 20:20:39
261,Tilichiki,60.4667,166.1,11.05,98,100,9.82,RU,2022-11-14 20:22:35
262,Port Lincoln,-34.7333,135.8667,52.79,63,99,12.37,AU,2022-11-14 20:22:36
263,Orotukan,62.2667,151.7,-15.03,97,91,3.87,RU,2022-11-14 20:22:37
264,Sorland,67.667,12.6934,44.46,68,7,17.09,NO,2022-11-14 20:22:37
265,Kayankulam,9.1833,76.5,76.96,91,100,4.56,IN,2022-11-14 20:22:38
266,Gulmarg,34.049,74.3921,25.36,92,80,1.99,IN,2022-11-14 20:22:38
267,Aldan,58.6031,125.3894,-23.57,100,82,2.19,RU,2022-11-14 20:22:39
268,Egvekinot,66.3167,-179.1667,9.79,96,100,2.19,RU,2022-11-14 20:22:39
269,Bathsheba,13.2167,-59.5167,84.81,79,40,18.41,BB,2022-11-14 20:22:39
270,Bayan,46.0833,127.4,21.29,86,97,5.12,CN,2022-11-14 20:22:39
271,Moroni,-11.7022,43.2551,77.13,80,2,4.79,KM,2022-11-14 20:23:40
272,Calabozo,8.9242,-67.4293,86.22,60,86,5.35,VE,2022-11-14 20:23:41
273,Wasilla,61.5814,-149.4394,36.77,96,100,3.44,US,2022-11-14 20:23:41
274,Nanortalik,60.1432,-45.2371,31.6,91,100,7.99,GL,2022-11-14 20:23:41
275,Morondava,-20.2833,44.2833,79.74,81,64,10.8,MG,2022-11-14 20:23:42
276,Road Town,18.4167,-64.6167,86.09,79,40,11.5,VG,2022-11-14 20:23:42
277,San Quintin,30.4833,-115.95,64.83,47,89,7.2,MX,2022-11-14 20:23:43
278,Tiarei,-17.5333,-149.3333,84.22,81,57,6.22,PF,2022-11-14 20:23:43
279,Tecoanapa,16.5167,-98.75,84.99,66,14,9.4,MX,2022-11-14 20:23:43
280,Ainazi,57.8636,24.3578,42.33,83,6,11.45,LV,2022-11-14 20:23:43
281,Chihuahua,28.5,-106.0,58.03,23,0,7.9,MX,2022-11-14 20:20:31
282,Ginir,7.1333,40.7,55.96,37,1,5.99,ET,2022-11-14 20:23:44
283,Viedma,-40.8135,-62.9967,77.32,21,100,11.48,AR,2022-11-14 20:23:44
284,Narsaq,60.9167,-46.05,43.02,78,100,6.22,GL,2022-11-14 20:23:44
285,Lompoc,34.6391,-120.4579,68.14,44,0,9.22,US,2022-11-14 20:23:44
286,Vanimo,-2.6741,141.3028,76.53,91,100,4.32,PG,2022-11-14 20:23:45
287,Port Macquarie,-31.4333,152.9167,63.16,71,0,5.26,AU,2022-11-14 20:23:45
288,Farmington,36.7281,-108.2187,47.16,37,0,17.27,US,2022-11-14 20:21:25
289,Lodwar,3.1191,35.5973,84.47,47,92,9.98,KE,2022-11-14 20:23:45
290,Mount Gambier,-37.8333,140.7667,45.81,74,98,8.03,AU,2022-11-14 20:23:46
291,Luena,-11.7833,19.9167,62.69,95,46,2.3,AO,2022-11-14 20:23:46
292,Miraflores,19.2167,-98.8083,79.97,33,22,4.56,MX,2022-11-14 20:23:46
293,San Juan,-31.5375,-68.5364,84.81,17,0,5.5,AR,2022-11-14 20:23:46
294,Acapulco,16.8634,-99.8901,85.82,66,0,8.05,MX,2022-11-14 20:23:47
295,El Paso,31.8001,-106.2005,58.69,19,20,6.91,US,2022-11-14 20:22:47
296,Christchurch,-43.5333,172.6333,64.42,80,100,17.27,NZ,2022-11-14 20:21:58
297,Buala,-8.145,159.5921,80.17,76,40,3.24,SB,2022-11-14 20:23:47
298,Vao,-22.6667,167.4833,75.2,67,69,5.06,NC,2022-11-14 20:23:47
299,Skibbereen,51.55,-9.2667,52.11,96,100,30.13,IE,2022-11-14 20:23:48
300,Wembley,-31.9333,115.8,58.05,69,0,25.32,AU,2022-11-14 20:23:48
301,Mahon,39.8885,4.2658,66.76,82,40,10.36,ES,2022-11-14 20:23:48
302,Chapadinha,-3.7417,-43.3603,81.54,72,100,5.26,BR,2022-11-14 20:23:49
303,Lasa,46.6166,10.7002,41.88,87,66,0.78,IT,2022-11-14 20:23:49
304,Fort Nelson,58.8053,-122.7002,32.95,80,75,6.91,CA,2022-11-14 20:23:49
305,Lavumisa,-27.31,31.892,63.03,89,10,2.19,SZ,2022-11-14 20:23:49
306,Komsomolskiy,40.4272,71.7189,39.92,87,17,4.61,UZ,2022-11-14 20:23:50
307,Rockport,28.0206,-97.0544,78.06,100,100,5.75,US,2022-11-14 20:23:50
308,Paamiut,61.994,-49.6678,30.78,91,100,19.42,GL,2022-11-14 20:23:50
309,Tinqueux,49.25,3.9833,51.82,100,40,3.44,FR,2022-11-14 20:23:50
310,Shimanovsk,52.0,127.7,9.86,100,99,1.68,RU,2022-11-14 20:23:51
311,Fort Thomas,39.0751,-84.4472,45.68,56,75,8.05,US,2022-11-14 20:19:58
312,Tual,-5.6667,132.75,82.27,77,100,7.18,ID,2022-11-14 20:23:51
313,Ewa Beach,21.3156,-158.0072,82.35,60,0,13.8,US,2022-11-14 20:23:51
314,Youghal,51.95,-7.8506,52.81,94,100,35.28,IE,2022-11-14 20:23:52
315,Brande,55.9381,9.1218,48.15,91,8,10.71,DK,2022-11-14 20:23:52
316,Miyako,39.6367,141.9525,42.58,73,98,4.81,JP,2022-11-14 20:23:22
317,Ahipara,-35.1667,173.1667,64.44,72,28,6.22,NZ,2022-11-14 20:24:52
318,Chizhou,30.6578,117.4831,46.2,88,28,0.78,CN,2022-11-14 20:24:53
319,Guerande,47.3291,-2.4283,56.62,65,100,18.37,FR,2022-11-14 20:24:53
320,Xochistlahuaca,16.7833,-98.25,87.87,59,19,5.26,MX,2022-11-14 20:24:53
321,Vila Franca Do Campo,37.7167,-25.4333,67.19,94,100,9.42,PT,2022-11-14 20:24:28
322,Amapa,1.0,-52.0,84.02,64,97,2.42,BR,2022-11-14 20:24:53
323,Sangar,63.9242,127.4739,-24.61,98,100,5.19,RU,2022-11-14 20:24:54
324,Nome,64.5011,-165.4064,1.47,85,0,3.44,US,2022-11-14 20:24:54
325,Gannan,47.9147,123.5031,20.28,77,0,4.94,CN,2022-11-14 20:24:54
326,Brae,60.3964,-1.353,51.6,82,100,27.45,GB,2022-11-14 20:24:54
327,Broken Hill,-31.95,141.4333,51.15,75,36,11.1,AU,2022-11-14 20:24:55
328,Jagannathpur,22.2333,85.65,59.36,53,5,3.18,IN,2022-11-14 20:24:55
329,Avera,33.194,-82.5271,56.37,42,27,9.93,US,2022-11-14 20:24:55
330,El Jicaro,14.9167,-89.9,85.53,63,83,3.8,GT,2022-11-14 20:24:56
331,Girne,35.3417,33.3167,56.75,49,0,5.12,CY,2022-11-14 20:24:56
332,Poum,-20.2333,164.0167,75.4,79,37,4.41,NC,2022-11-14 20:24:56
333,Kitangari,-10.65,39.3333,67.57,98,9,6.64,TZ,2022-11-14 20:24:56
334,Juneau,58.3019,-134.4197,43.21,94,100,10.36,US,2022-11-14 20:23:23
335,Broome,42.2506,-75.833,37.45,71,100,6.91,US,2022-11-14 20:24:57
336,Calama,-22.4667,-68.9333,79.29,3,0,21.85,CL,2022-11-14 20:24:57
337,Lata,40.1629,-8.3327,59.07,96,100,4.76,PT,2022-11-14 20:23:14
338,Sur,22.5667,59.5289,78.51,65,0,7.92,OM,2022-11-14 20:24:57
339,Nueva Guinea,11.6876,-84.4562,78.49,90,85,11.23,NI,2022-11-14 20:24:58
340,Alamosa,37.4695,-105.87,30.18,74,75,9.22,US,2022-11-14 20:24:58
341,Blagoveshchensk,50.2667,127.5333,20.01,93,40,2.24,RU,2022-11-14 20:24:58
342,Vallenar,-28.5708,-70.7581,87.94,14,0,8.5,CL,2022-11-14 20:24:58
343,Cimislia,46.52,28.7842,42.94,75,96,2.06,MD,2022-11-14 20:24:59
344,Roanoke Rapids,36.4615,-77.6542,52.38,57,0,0.0,US,2022-11-14 20:24:59
345,Dicabisagan,17.0818,122.4157,77.63,89,67,4.76,PH,2022-11-14 20:24:59
346,Staryy Nadym,65.6118,72.6842,-2.65,81,100,11.5,RU,2022-11-14 20:25:00
347,Faya,18.3851,42.4509,59.11,71,13,2.19,SA,2022-11-14 20:25:00
348,Nata,8.3333,-80.5167,80.47,90,100,4.05,PA,2022-11-14 20:25:00
349,Nouadhibou,20.931,-17.0347,71.58,73,0,11.5,MR,2022-11-14 20:25:00
350,Huilong,31.8111,121.655,48.92,64,83,6.91,CN,2022-11-14 20:25:01
351,Papayal,-4.0761,-80.7361,80.06,54,18,10.31,PE,2022-11-14 20:25:01
352,Padang,-0.9492,100.3543,74.16,94,100,3.83,ID,2022-11-14 20:22:12
353,Coruripe,-10.1256,-36.1756,78.89,81,14,11.61,BR,2022-11-14 20:25:01
354,Ubatuba,-23.4339,-45.0711,77.5,89,65,4.07,BR,2022-11-14 20:23:20
355,Winston-Salem,36.0999,-80.2442,50.67,46,0,0.0,US,2022-11-14 20:20:53
356,Mercaderes,1.8009,-77.166,79.0,71,52,6.08,CO,2022-11-14 20:25:02
357,Nhulunbuy,-12.2333,136.7667,79.41,94,100,1.14,AU,2022-11-14 20:25:03
358,Sitka,57.0531,-135.33,46.29,76,100,12.66,US,2022-11-14 20:21:26
359,Roald,62.5833,6.1333,55.33,71,0,4.61,NO,2022-11-14 20:25:03
360,Padilla,3.2204,-76.3139,85.57,68,63,2.82,CO,2022-11-14 20:25:04
361,Constantine,36.365,6.6147,60.21,58,20,3.44,DZ,2022-11-14 20:21:52
362,Okhotsk,59.3833,143.3,9.52,88,100,7.16,RU,2022-11-14 20:26:04
363,Kedrovyy,56.1667,91.8167,34.21,77,100,8.97,RU,2022-11-14 20:26:05
364,Atar,20.5169,-13.0499,84.0,15,60,11.39,MR,2022-11-14 20:26:05
365,Guerrero Negro,27.9769,-114.0611,70.29,35,78,4.18,MX,2022-11-14 20:26:05
366,Bani,18.2833,-70.3333,87.24,67,5,13.04,DO,2022-11-14 20:26:05
367,Jizan,17.3333,42.6667,83.34,63,42,0.76,SA,2022-11-14 20:26:06
368,Chara,56.9064,118.2631,4.12,98,100,1.32,RU,2022-11-14 20:22:35
369,Namibe,-15.1961,12.1522,66.94,81,5,11.74,AO,2022-11-14 20:26:06
370,Tazovskiy,67.4667,78.7,-17.37,89,23,6.11,RU,2022-11-14 20:26:06
371,Beringovskiy,63.05,179.3167,28.76,84,30,14.27,RU,2022-11-14 20:26:06
372,Boa Vista,2.8197,-60.6733,91.38,52,40,11.5,BR,2022-11-14 20:26:07
373,Zhucheng,35.9947,119.3975,42.94,58,2,7.45,CN,2022-11-14 20:26:07
374,Matara,5.9485,80.5353,73.24,93,100,2.28,LK,2022-11-14 20:26:07
375,Hachinohe,40.5,141.5,40.19,77,44,6.35,JP,2022-11-14 20:22:17
376,Partenit,44.578,34.3446,51.62,80,86,5.91,UA,2022-11-14 20:26:08
377,Los Llanos De Aridane,28.6585,-17.9182,71.13,37,0,7.0,ES,2022-11-14 20:26:08
378,Kosh-Agach,50.0,88.6667,14.85,62,20,1.59,RU,2022-11-14 20:26:08
379,Berdigestyakh,62.0989,126.6992,-38.97,100,78,3.38,RU,2022-11-14 20:26:08
380,Coquimbo,-29.9533,-71.3436,67.73,68,0,14.97,CL,2022-11-14 20:23:36
381,Port Blair,11.6667,92.75,80.26,81,100,9.08,IN,2022-11-14 20:26:09
382,Baie-Comeau,49.2168,-68.1489,33.48,86,100,6.91,CA,2022-11-14 20:26:09
383,Yulara,-25.2406,130.9889,62.49,36,0,11.59,AU,2022-11-14 20:26:09
384,Teya,60.3778,92.6267,-0.89,99,100,3.38,RU,2022-11-14 20:21:18
385,Saint Anthony,45.0205,-93.218,30.65,88,100,11.5,US,2022-11-14 20:24:15
386,Ginda,30.6945,78.4932,45.48,83,82,4.32,IN,2022-11-14 20:26:10
387,Lulea,65.5842,22.1547,24.87,93,0,6.91,SE,2022-11-14 20:26:10
388,Araceli,10.5529,119.9913,83.52,79,100,16.26,PH,2022-11-14 20:26:10
389,Vostok,46.4856,135.8833,11.53,95,91,3.09,RU,2022-11-14 20:26:11
390,Ipixuna,-1.7625,-48.8043,79.41,88,91,4.5,BR,2022-11-14 20:26:11
391,Tautira,-17.7333,-149.15,77.29,82,56,5.44,PF,2022-11-14 20:26:11
392,Petropavlovsk-Kamchatskiy,53.0452,158.6483,30.79,86,100,13.42,RU,2022-11-14 20:26:12
393,Huruta,8.15,39.35,55.42,51,0,6.82,ET,2022-11-14 20:26:12
394,Sungai Padi,6.0851,101.8766,74.44,97,100,1.63,TH,2022-11-14 20:26:12
395,Kudahuvadhoo,2.6708,72.8944,81.77,78,100,15.64,MV,2022-11-14 20:26:12
396,San Carlos,9.6612,-68.5827,85.8,65,72,3.44,VE,2022-11-14 20:26:13
397,Coihueco,-36.6167,-71.8333,74.14,46,0,8.05,CL,2022-11-14 20:26:13
398,Syracuse,37.0881,15.2792,60.39,72,20,7.07,IT,2022-11-14 20:26:13
399,Deputatskiy,69.3,139.9,-22.36,95,99,5.93,RU,2022-11-14 20:23:12
400,Tanabe,33.7333,135.3667,52.0,73,45,8.81,JP,2022-11-14 20:26:14
401,Lafia,8.4833,8.5167,78.64,30,18,4.56,NG,2022-11-14 20:26:14
402,Upington,-28.4478,21.2561,70.18,13,2,5.75,ZA,2022-11-14 20:26:14
403,Jacareacanga,-6.2222,-57.7528,91.53,45,99,1.92,BR,2022-11-14 20:26:14
404,Ancud,-41.8697,-73.8203,54.55,97,99,16.17,CL,2022-11-14 20:22:59
405,Sungairaya,0.7,108.9,77.95,85,99,1.16,ID,2022-11-14 20:26:15
406,Geraldton,-28.7667,114.6,68.41,30,0,19.57,AU,2022-11-14 20:23:58
407,Tiksi,71.6872,128.8694,-11.07,94,100,15.55,RU,2022-11-14 20:26:15
408,Dhidhdhoo,6.8833,73.1,81.93,72,99,7.92,MV,2022-11-14 20:26:15
409,Hami,42.8,93.45,35.37,43,100,4.21,CN,2022-11-14 20:27:16
410,Ekhabi,53.5102,142.9671,23.32,94,99,5.77,RU,2022-11-14 20:27:16
411,Lufilufi,-13.8745,-171.5986,76.78,78,100,18.28,WS,2022-11-14 20:27:16
412,Pangnirtung,66.1451,-65.7125,4.35,87,84,4.12,CA,2022-11-14 20:27:17
413,Magistralnyy,56.1725,107.4458,23.11,88,45,5.86,RU,2022-11-14 20:27:17
414,Chabahar,25.2919,60.643,79.2,72,0,3.27,IR,2022-11-14 20:27:17
415,Rawson,-43.3002,-65.1023,73.99,31,30,6.44,AR,2022-11-14 20:27:18
416,Union,40.6334,-74.2663,48.27,47,0,11.5,US,2022-11-14 20:25:16
417,Kuala Kangsar,4.7667,100.9333,74.44,98,100,1.28,MY,2022-11-14 20:27:18
418,Mantua,45.1667,10.7833,49.24,87,11,3.0,IT,2022-11-14 20:27:18
419,Bow Island,49.8668,-111.3684,32.18,74,8,9.22,CA,2022-11-14 20:27:19
420,Laizhou,37.1717,119.9214,42.42,58,0,7.02,CN,2022-11-14 20:27:19
421,Kupang,-10.1667,123.5833,79.47,83,68,3.33,ID,2022-11-14 20:27:19
422,Edd,13.9297,41.6925,82.08,63,0,17.87,ER,2022-11-14 20:27:20
423,Erenhot,43.6475,111.9767,25.61,58,3,9.53,CN,2022-11-14 20:27:20
424,Manggar,-2.8833,108.2667,79.27,84,100,2.64,ID,2022-11-14 20:27:20
425,Sao Domingos,-13.3983,-46.3183,80.31,59,99,6.24,BR,2022-11-14 20:27:21
426,Kamuli,0.9472,33.1197,63.1,95,100,0.92,UG,2022-11-14 20:27:21
427,Colares,38.7992,-9.4469,65.34,97,100,13.0,PT,2022-11-14 20:27:21
428,Jinchang,38.4953,102.1739,35.91,29,51,3.8,CN,2022-11-14 20:27:22
429,Sharjah,25.3573,55.4033,82.38,69,0,6.91,AE,2022-11-14 20:24:09
430,Khatanga,71.9667,102.5,-14.04,97,100,13.15,RU,2022-11-14 20:25:58
431,Hasaki,35.7333,140.8333,54.21,73,100,13.89,JP,2022-11-14 20:27:22
432,Jaboticabal,-21.2547,-48.3222,87.33,40,79,3.71,BR,2022-11-14 20:27:22
433,Necochea,-38.5473,-58.7368,58.96,83,100,25.81,AR,2022-11-14 20:27:23
434,Bani Walid,31.7566,13.9942,64.27,65,0,7.4,LY,2022-11-14 20:27:23
435,Evensk,61.95,159.2333,8.4,87,98,12.77,RU,2022-11-14 20:27:23
436,Nemuro,43.3236,145.575,37.87,62,48,3.4,JP,2022-11-14 20:27:24
437,Caorle,45.5966,12.8758,55.36,83,100,2.33,IT,2022-11-14 20:27:24
438,Puerto Narino,-3.7703,-70.3831,85.5,68,96,2.28,CO,2022-11-14 20:27:24
439,Hobe Sound,27.0595,-80.1364,84.97,68,40,8.05,US,2022-11-14 20:23:58
440,Viesca,25.35,-102.8,82.65,9,0,6.73,MX,2022-11-14 20:27:24
441,Walvis Bay,-22.9575,14.5053,61.75,88,0,2.3,NA,2022-11-14 20:27:25
442,Khor,47.8861,134.9464,23.31,54,51,5.37,RU,2022-11-14 20:27:25
443,Sao Luis Do Quitunde,-9.3183,-35.5611,80.04,85,35,8.3,BR,2022-11-14 20:27:25
444,Givors,45.5833,4.7667,57.69,93,100,6.49,FR,2022-11-14 20:27:26
445,Atasu,48.6814,71.6433,32.97,98,100,21.18,KZ,2022-11-14 20:27:26
446,Sept-Iles,50.2001,-66.3821,28.06,85,100,8.05,CA,2022-11-14 20:27:27
447,Namie,37.4833,141.0,49.71,75,100,5.39,JP,2022-11-14 20:27:27
448,Hovd,48.0056,91.6419,22.91,40,0,4.74,MN,2022-11-14 20:25:58
449,Shingu,33.7333,135.9833,50.02,74,28,6.31,JP,2022-11-14 20:27:27
450,Zlobin,45.2924,14.6541,44.8,92,75,3.44,HR,2022-11-14 20:27:28
451,Vestmannaeyjar,63.4427,-20.2734,46.71,85,50,16.98,IS,2022-11-14 20:27:28
452,Lagoa,39.05,-27.9833,63.77,88,8,16.98,PT,2022-11-14 20:25:13
453,Kavaratti,10.5669,72.642,79.93,81,97,11.18,IN,2022-11-14 20:27:28
454,Karatuzskoye,53.6072,92.8667,28.99,82,100,4.7,RU,2022-11-14 20:27:28
455,Lalmohan,22.3384,90.7419,69.08,63,7,7.52,BD,2022-11-14 20:27:29
456,Naze,28.3667,129.4833,65.32,72,82,11.3,JP,2022-11-14 20:27:29
457,Talnakh,69.4865,88.3972,-24.03,87,27,4.07,RU,2022-11-14 20:28:29
458,Kungurtug,50.5994,97.5228,9.03,91,25,1.77,RU,2022-11-14 20:28:30
459,Micheweni,-4.9667,39.8333,78.22,80,2,5.19,TZ,2022-11-14 20:28:30
460,Bilibino,68.0546,166.4372,-13.47,100,98,3.13,RU,2022-11-14 20:28:30
461,Saint-Joseph,-21.3667,55.6167,70.18,76,40,16.67,RE,2022-11-14 20:28:31
462,Novyy Urgal,51.0736,132.5642,6.03,97,51,1.74,RU,2022-11-14 20:28:31
463,Cabo San Lucas,22.8909,-109.9124,81.7,50,0,10.36,MX,2022-11-14 20:28:31
464,Ayan,56.45,138.1667,19.51,77,85,6.85,RU,2022-11-14 20:28:31
465,Fukue,32.6881,128.8419,58.64,65,100,20.42,JP,2022-11-14 20:28:32
466,Kumluca,36.3703,30.2869,64.15,40,60,6.98,TR,2022-11-14 20:28:32
467,Sterling,39.0062,-77.4286,51.03,45,20,7.0,US,2022-11-14 20:25:04
468,Benjamin Hill,30.1667,-111.1,64.44,27,25,0.45,MX,2022-11-14 20:28:32
469,Miranda,3.2499,-76.2281,84.33,71,58,2.19,CO,2022-11-14 20:28:33
470,Kwekwe,-18.9281,29.8149,63.73,81,78,10.27,ZW,2022-11-14 20:28:33
471,Zile,40.3031,35.8864,42.48,87,12,2.53,TR,2022-11-14 20:28:33
472,Ayagoz,47.9714,80.4392,35.85,93,100,22.93,KZ,2022-11-14 20:28:33
473,Ca Mau,9.1769,105.15,76.08,95,98,4.83,VN,2022-11-14 20:28:34
474,Huayang,34.4155,109.9939,37.71,42,76,2.19,CN,2022-11-14 20:28:34
475,Guarapari,-20.6667,-40.4975,77.9,84,98,18.84,BR,2022-11-14 20:28:34
476,Aklavik,68.2191,-135.0107,17.22,94,100,13.29,CA,2022-11-14 20:28:35
477,Makakilo City,21.3469,-158.0858,80.92,59,0,13.8,US,2022-11-14 20:28:35
478,Oistins,13.0667,-59.5333,84.29,79,40,18.41,BB,2022-11-14 20:28:35
479,Lasem,-6.6922,111.4527,79.12,83,100,2.51,ID,2022-11-14 20:28:35
480,Qui Nhon,13.7667,109.2333,75.42,90,100,7.09,VN,2022-11-14 20:28:36
481,La Ronge,55.1001,-105.2842,21.45,73,100,3.44,CA,2022-11-14 20:28:36
482,Honningsvag,70.9821,25.9704,38.95,81,75,18.41,NO,2022-11-14 20:28:36
483,Half Moon Bay,37.4636,-122.4286,62.91,59,0,0.0,US,2022-11-14 20:27:00
484,Wallaceburg,42.593,-82.3885,37.98,39,43,2.84,CA,2022-11-14 20:28:37
485,Muisne,0.6,-80.0333,75.96,77,79,9.08,EC,2022-11-14 20:28:37
486,Grindavik,63.8424,-22.4338,45.07,87,75,13.8,IS,2022-11-14 20:28:37
487,Joshimath,30.5667,79.5667,48.61,81,99,3.53,IN,2022-11-14 20:28:37
488,Mendi,-6.1761,143.6513,56.08,99,100,1.83,PG,2022-11-14 20:28:38
489,Tabatinga,-4.2525,-69.9381,89.6,58,40,14.97,BR,2022-11-14 20:28:38
490,Portland,45.5234,-122.6762,57.61,53,0,18.41,US,2022-11-14 20:26:20
491,Inuvik,68.3499,-133.7218,20.16,93,75,6.91,CA,2022-11-14 20:28:38
492,Khonsa,27.0167,95.5667,55.76,76,0,3.85,IN,2022-11-14 20:28:39
493,Saint-Pierre,-21.3393,55.4781,71.91,68,20,12.66,RE,2022-11-14 20:28:39
494,Nyurba,63.2842,118.3319,-30.32,100,87,2.44,RU,2022-11-14 20:28:39
495,Bluefield,37.2698,-81.2223,48.06,49,0,4.61,US,2022-11-14 20:26:21
496,Qaqortoq,60.7167,-46.0333,27.07,82,100,4.65,GL,2022-11-14 20:28:39
497,Santona,43.4439,-3.4576,58.06,81,100,6.73,ES,2022-11-14 20:28:40
498,Conakry,9.538,-13.6773,82.98,76,80,11.07,GN,2022-11-14 20:28:40
499,Henties Bay,-22.116,14.2845,60.89,90,0,6.73,NA,2022-11-14 20:28:40
500,Buta,2.7858,24.73,71.01,83,13,1.68,CD,2022-11-14 20:28:41
501,Maniitsoq,65.4167,-52.9,27.95,93,100,21.41,GL,2022-11-14 20:29:41
502,Odweyne,9.4092,45.064,68.09,41,2,9.95,SO,2022-11-14 20:29:41
503,Paracatu,-17.2222,-46.8747,81.37,57,80,3.67,BR,2022-11-14 20:29:41
504,Port-Gentil,-0.7193,8.7815,78.76,83,20,5.75,GA,2022-11-14 20:26:08
505,Auki,-8.7676,160.7034,78.31,80,16,3.49,SB,2022-11-14 20:29:42
506,Fez,34.0372,-4.9998,61.05,31,0,6.91,MA,2022-11-14 20:29:42
507,Nakambala,-15.8324,27.7799,66.67,86,100,7.09,ZM,2022-11-14 20:29:42
508,Srednekolymsk,67.45,153.6833,-26.72,96,55,7.02,RU,2022-11-14 20:29:42
509,Manassas,38.751,-77.4753,51.22,43,0,3.44,US,2022-11-14 20:29:43
510,Robinson,31.4677,-97.1147,45.37,98,100,8.05,US,2022-11-14 20:29:43
511,Escanaba,45.7453,-87.0646,34.97,59,20,4.61,US,2022-11-14 20:29:43
512,Villazon,-22.0866,-65.5942,72.07,3,7,9.13,BO,2022-11-14 20:29:44
513,Sharanga,57.1775,46.5396,24.62,71,100,15.08,RU,2022-11-14 20:29:44
514,Baykit,61.67,96.37,-5.33,97,97,3.94,RU,2022-11-14 20:29:44
515,Chaumont,48.1167,5.1333,52.38,95,100,9.93,FR,2022-11-14 20:29:44
516,Aguimes,27.9054,-15.4461,77.67,22,0,6.91,ES,2022-11-14 20:29:45
517,Varhaug,58.6147,5.6457,50.68,74,99,23.98,NO,2022-11-14 20:29:45
518,Porbandar,21.6422,69.6093,77.29,61,0,8.84,IN,2022-11-14 20:29:45
519,Bassila,9.0081,1.6654,77.43,31,21,3.94,BJ,2022-11-14 20:29:46
520,Namatanai,-3.6667,152.4333,78.35,77,84,6.58,PG,2022-11-14 20:29:46
521,Butajira,8.1167,38.3667,56.23,38,0,5.79,ET,2022-11-14 20:29:46
522,Kawalu,-7.3817,108.2082,72.25,98,100,0.98,ID,2022-11-14 20:29:46
523,Amambai,-23.1042,-55.2258,77.76,71,56,5.86,BR,2022-11-14 20:29:47
524,Bud,39.447,-86.1758,43.75,56,13,7.23,US,2022-11-14 20:29:47
525,Bataipora,-22.2953,-53.2711,72.61,87,100,8.61,BR,2022-11-14 20:29:47
526,Ola,59.5833,151.2833,4.95,90,83,10.69,RU,2022-11-14 20:29:48
527,Mehamn,71.0357,27.8492,37.35,93,75,10.36,NO,2022-11-14 20:29:48
528,Praia,14.9215,-23.5087,77.54,69,20,11.5,CV,2022-11-14 20:29:48
529,Hobyo,5.3505,48.5268,80.31,70,8,13.35,SO,2022-11-14 20:29:48
530,Cururupu,-1.8283,-44.8683,81.55,72,68,7.07,BR,2022-11-14 20:29:49
531,Athabasca,54.7169,-113.2854,37.81,79,5,2.82,CA,2022-11-14 20:29:49
532,Punta Alta,-38.8759,-62.0736,73.31,42,6,9.64,AR,2022-11-14 20:29:49
533,Agutaya,11.148,120.9417,83.43,81,100,19.8,PH,2022-11-14 20:29:50
534,Eregli,37.5133,34.0467,45.05,53,0,1.97,TR,2022-11-14 20:29:50
535,Fortuna,40.5982,-124.1573,57.92,73,0,9.22,US,2022-11-14 20:29:50
536,Kuusamo,65.9667,29.1833,30.24,93,100,5.75,FI,2022-11-14 20:29:50
537,Karratha,-20.7377,116.8463,73.44,67,0,6.35,AU,2022-11-14 20:29:51
538,Mattru,7.6244,-11.8332,73.78,97,84,4.25,SL,2022-11-14 20:29:51
539,Praia Da Vitoria,38.7333,-27.0667,66.45,88,75,11.48,PT,2022-11-14 20:29:51
540,Glasgow,55.8652,-4.2576,54.19,87,40,18.01,GB,2022-11-14 20:29:14
541,Zyryanka,65.75,150.85,-34.08,96,7,5.68,RU,2022-11-14 20:29:52
542,Dingle,10.9995,122.6711,76.05,91,100,6.8,PH,2022-11-14 20:29:52
543,Santa Maria,-29.6842,-53.8069,67.3,73,75,10.36,BR,2022-11-14 20:29:45
544,Brainerd,46.358,-94.2008,30.22,69,100,6.91,US,2022-11-14 20:27:58
545,The Pas,53.8251,-101.2541,15.82,86,0,4.61,CA,2022-11-14 20:28:28
546,Tuatapere,-46.1333,167.6833,58.55,70,100,6.91,NZ,2022-11-14 20:29:52
547,Barranca,-10.75,-77.7667,66.97,73,9,9.19,PE,2022-11-14 20:30:53
548,Atambua,-9.1061,124.8925,75.25,86,66,2.93,ID,2022-11-14 20:30:53
549,Kilindoni,-7.9139,39.6668,78.84,75,0,10.36,TZ,2022-11-14 20:30:53
550,Birobidzhan,48.8,132.95,17.44,89,38,2.91,RU,2022-11-14 20:30:53
551,Muroto,33.2833,134.15,61.03,59,99,7.38,JP,2022-11-14 20:30:54
552,Nola,40.922,14.5329,60.93,93,18,2.95,IT,2022-11-14 20:30:54
553,Luancheng,37.8792,114.6517,42.96,35,0,5.95,CN,2022-11-14 20:30:54
554,Aasiaat,68.7098,-52.8699,17.49,99,99,4.41,GL,2022-11-14 20:30:54
555,Pagouria,41.0291,25.3184,50.29,77,98,6.49,GR,2022-11-14 20:30:55
556,Nelson Bay,-32.7167,152.15,66.09,70,1,5.99,AU,2022-11-14 20:30:55
557,Mugumu,-1.85,34.7,62.94,83,85,2.17,TZ,2022-11-14 20:30:55
558,Vanavara,60.34,102.2797,-7.96,89,24,6.17,RU,2022-11-14 20:30:56
559,Hirara,24.8,125.2833,74.05,74,68,13.65,JP,2022-11-14 20:30:56
560,Arona,28.0996,-16.681,72.99,59,0,3.44,ES,2022-11-14 20:30:56
561,Villa Del Rosario,7.8339,-72.4742,84.58,62,40,6.91,CO,2022-11-14 20:30:56
562,Jumla,29.2747,82.1838,41.7,69,34,2.82,NP,2022-11-14 20:30:57
563,Eureka,40.8021,-124.1637,58.19,86,0,1.01,US,2022-11-14 20:28:16
564,Seoul,37.5683,126.9778,42.24,87,0,3.44,KR,2022-11-14 20:28:16
565,Merauke,-8.4667,140.3333,78.35,88,100,7.99,ID,2022-11-14 20:30:57
566,Sinnamary,5.3833,-52.95,80.42,81,21,11.18,GF,2022-11-14 20:30:57
567,Akureyri,65.6835,-18.0878,42.73,93,100,2.3,IS,2022-11-14 20:30:58
568,Libertador General San Martin,-23.8064,-64.7876,79.11,40,45,4.23,AR,2022-11-14 20:30:58
569,La Trinitaria,16.1167,-92.05,72.25,59,19,1.97,MX,2022-11-14 20:30:58
